canonical_name,alias_name
Mr. Trevor Beeches,
Mr. Trevor Beeches,Beeches
Mr. Trevor Beeches,Mr. Beeches
Mr. Macphail Dorak,
Mr. Macphail Dorak,Dorak
Mr. Macphail Dorak,Mr. Dorak
Mr. Macphail Dorak,Macphail Dorak
Alice Roy,
Alice Roy,Professor Roy
Professor Morphy,
Professor Morphy,Morphy
Dr. Presbury,
Dr. Presbury,Presbury
Miss Morphy,
Sherlock,
Bennett,
Watson,
Holmes,
Jack,
edith,
lowenstein,
