canonical_name,alias_name
Miss Tanvi Keshav Vikas,
Miss Tanvi Keshav Vikas,Vikas
Miss Tanvi Keshav Vikas,Miss Vikas
Miss Tanvi Keshav Vikas,Tanvi Keshav Vikas
Janhvi Priyanka Gopika,
Janhvi Priyanka Gopika,Gopika
Janhvi Priyanka Gopika,Mr Gopika
Janhvi Priyanka Gopika,Mr. Gopika
Tierra del Fuego,
Hiabam Rajesh Om,
Hiabam Rajesh Om,Om
Hiabam Rajesh Om,Rajesh Om
Lord Aamir Rahul,
Chiranjeevi Priyanka,
Sir Bipasha Genelia,
Chitrangada Roshan,
Chitrangada Roshan,Roshan
Chitrangada Roshan,Mr. Roshan
Mr. Shreya Gilcott,
Mr. Shreya Gilcott,Shreya Gilcott
Lady Keshav Vikas,
Lady Keshav Vikas,Lady Vikas
Mr. Anjali Porten,
Mr. Anjali Porten,Anjali Porten
Anjali Taapsee-do,
Anjali Grossmith,
Sir Anjali Haley,
Prithvi Sidharth,
Lakshya Niharika,
Shailesh Shafaq,
Shailesh Shafaq,Shafaq
Mrs. Shafaq,
Mr. Shafaq,
Janhvi Priyanka,
Karthik Akshaye,
Karthik Akshaye,Akshaye
Mr.--Mr. Gopika,
Sanjay Shriman,
Anjali Taapsee,
Anjali Taapsee,Taapsee
Anjali Taapsee,Mr. Taapsee
Madhavan Kriti,
Rajesh Effendi,
Chiranjeevi X.,
Shreya Carter,
Beston Tracey,
Abhay Terrell,
Maggie Goomer,
Keshav Pankaj,
Pushkar Javed,
Sarika Ramesh,
Abhay Shafaq,
Tanvi Keshav,
Swara Neerja,
Curious Mike,
Mohanlal. X.,
Mohanlal. X.,Mohanlal X
Mohanlal. X.,Mohanlal X.
Imran Vikas,
Sonali Anil,
Hever Court,
Tanvi Ann,
A. O. 43,
My wife,
Superintendent Meher,
Superintendent Meher,Meher
Chief Commissioner,
Miss Aishwarya,
Miss Aishwarya,Aishwarya
Dr. Lakshmi,
Mr. Lavanya,
Mr. Lavanya,Lavanya
Chiranjeevi,
Mrs. Harsh,
Mrs. Harsh,Harsh
Theokritis,
Mrs. Saira,
Mrs. Saira,Saira
Sir Anjali,
Sir Anjali,Anjali
Miss Tanvi,
Mohanlal.,
Mohanlal.,Mohanlal
Parineeti,
Mr. Meher,
Sir Imran,
Mr. Rohan,
Mr. Rohan,Rohan
Roumanian,
Shailesh,
Governor,
Gatwick,
Karthik,
Prateek,
Madhuri,
Manisha,
Zeeshan,
Ohanlal,
Nandita,
Horsley,
O'Grady,
Radhika,
Sharman,
Amrita,
Pritam,
Shruti,
Pramod,
Raghav,
Mexico,
Riddhi,
Janhvi,
Aparna,
Rajesh,
Howard,
Komal,
Rajat,
Sagar,
Shalu,
Bhumi,
Udita,
Abhay,
Kiara,
Caius,
Mohit,
Manan,
Cadog,
edgar,
wallace,
john,
lexman,
briggs,
t,
meredith,
grace,
watson,
kara,
remington,
chandler,
george,
gathercole,
vassalaro,
rumo,
roman,
julius,
waglite,
mansus,
goole,
larry,
green,
m,
jove,
g,
bartholomew,
thomas,
mary,
belinda,
doctor,
henry,
gratham,
holland,
brown,
smith,
poropulos,
chubb,
vitriol,
fisher,
fred,
beale,
william,
abigail,
williams,
cassley,
patagonia,
hullo,
villari,
god,
b,
jacks,
papa,
xavier,
tommy,
signor,
coselli,
de,
mainau,
nero,
harry,
durazzo,
hussein,
hakaat,
bey,
joe,
bill,
morgan,
marie,
theressa,
pinot,
savolio,
chillon,
salvolio,
scutari,
buenos,
ayres,
carlneau,
savorsky,
