canonical_name,alias_name
Beatrice Norberton,Norberton
Beatrice Norberton,Mr. Norberton
Mr. Prince James,Mr. James
Mr. Prince James,Prince James
Hugos Norlett,Mrs. Norlett
Norman Prince,Prince
Sam Robert,Robert
Sam Robert,Mr. Robert
Dr. Holmes,Holmes
Mrs. Bain,Bain
