canonical_name,alias_name
Miss Mary Sutherland,
Miss Mary Sutherland,Miss Sutherland
Mr. James Windibank,
Mr. James Windibank,Windibank
Mr. James Windibank,Mr. Windibank
Mr. James Windibank,James Windibank
Mr. Hosmer Angel,
Mr. Hosmer Angel,Mr. Angel
Mr. Hosmer Angel,Hosmer Angel
Sherlock Holmes,
Sherlock Holmes,Holmes
Sherlock Holmes,Mr. Holmes
Mrs. Etherege,
Dr. Watson,
Dr. Watson,Watson
Mr. Hardy,
Hosmer,
Horace,
Hafiz,
Ned,
dundas,
balzac,
jove,
