canonical_name,alias_name
Mr. Priyanka Anirudh,Anirudh
Mr. Priyanka Anirudh,Mr. Anirudh
Mr. Priyanka Anirudh,Priyanka Anirudh
Mr. Ishaan Ranveer,Ranveer
Mr. Ishaan Ranveer,Mr. Ranveer
Mr. Ishaan Ranveer,Ishaan Ranveer
Mr. Shreya Anaya,Anaya
Mr. Shreya Anaya,Mr. Anaya
Mr. Shreya Anaya,Shreya Anaya
Chandni Manan,Manan
Mrs. Shruti,Shruti
Mr. Navya,Navya
