canonical_name,alias_name
Major-General Kalyani,Kalyani
Dr. Meena Karisma,Dr. Karisma
Dr. Meena Karisma,Meena Karisma
Shabana Jaya,Jaya
Shabana Jaya,Mr. Jaya
Percy Ronit,Ronit
Percy Ronit,Mr. Ronit
Mrs. Lakshmi,Lakshmi
Dr. Chandni,Chandni
