canonical_name,alias_name
Mr. Charles McCarthy,
Mr. Charles McCarthy,McCarthy
Mr. Charles McCarthy,Mccarthy
Mr. Charles McCarthy,Mr. McCarthy
Mr. Soumya McCarthy,
Mr. Soumya McCarthy,Soumya McCarthy
Mr. Shalini Aparna,
Mr. Shalini Aparna,Aparna
Mr. Shalini Aparna,Mr. Aparna
Tanushree Farm,
Manas Nandita,
Shalini Kriti,
Boscombe Pool,
Akshaye Kavya,
Abhay Neeraj,
Abhay Neeraj,Neeraj
Abhay Neeraj,Mr. Neeraj
Zara Riddhi,
Zara Riddhi,Riddhi
Miss Aparna,
Dr. Roshan,
Tanushree,
BALLARAT,
Radhika,
Karisma,
Soumya,
Guneet,
Urmila,
Saket,
Rajat,
Bhumi,
ARAT,
Yami,
Lara,
sherlock,
holmes,
anstruther,
watson,
john,
turner,
hatherley,
william,
crowder,
patience,
moran,
lestrade,
ross,
cobb,
cooee,
petrarch,
james,
willows,
god,
george,
meredith,
alice,
black,
jack,
baxter,
