canonical_name,alias_name
Priyadarshan Imran,Imran
Payal Pushkar,Pushkar
Abhay Shalu,Shalu
Abhay Shalu,Mr. Shalu
Mrs. Mrunal,Mrunal
Mr. Sahil,Sahil
