canonical_name,alias_name
Don. (Donald) Carey,
Don. (Donald) Carey,Carey
Don. (Donald) Carey,Don Carey
Don. (Donald) Carey,Donald Carey
Mrs. Carey,
Mr. Carey,
Miss Sally Henderson,
Miss Sally Henderson,Henderson
Miss Sally Henderson,Miss Henderson
Miss Sally Henderson,Sally Henderson
Philip Vandervent,
Philip Vandervent,Vandervent
Philip Vandervent,Mr. Vandervent
Mr. Morris Beiner,
Mr. Morris Beiner,Beiner
Mr. Morris Beiner,Morris Beiner
Mr. David Randall,
Mr. David Randall,Randall
Mr. David Randall,Mr. Randall
Mr. David Randall,David Randall
Mr. Frank Miller,
Frank Hildebloom,
Frank Hildebloom,Hildebloom
Stephen Burgess,
Phil Vandervent,
Jennie Conover,
Jennie Conover,Miss Conover
Tom Walbrough,
Tom Walbrough,Walbrough
Judge Walbrough,
Mrs. Walbrough,
Florine Ladue,
Florine Ladue,Miss Ladue
Lemuel Burkan,
Clancy Deane,
Clancy Deane,Deane
Clancy Deane,Miss Deane
Clancy Deane,CLANCY DEANE
Sophie Carey,
Fred Garbey,
Fay Marston,
Fay Marston,Miss Marston
Paul Jones,
Paul Zenda,
Paul Zenda,Zenda
Paul Zenda,Mr. Zenda
Ike Weber,
Ike Weber,Weber
Ike Weber,Mr. Weber
Mrs. Rayburn,
Mr. Spofford,
Mr. Spofford,Spofford
Mrs. Gerand,
Mrs. Gerand,Gerand
Mr. Grannis,
Mr. Grannis,Grannis
Mrs. Hebron,
Mrs. Hebron,Hebron
Darnleigh,
Johansen,
Mortimer,
Cavanagh,
Penniman,
Guernsey,
Penwell,
Florine,
Mr. Don,
Mr. Don,Don
Fanchon,
Griffin,
Garland,
Jennie,
Morris,
Zenith,
Sophie,
Philip,
Donald,
Clancy,
Farrar,
Lallo,
Maria,
Sally,
Darcy,
David,
Ragan,
Henty,
Frank,
Hetty,
Paul,
Fate,
Care,
Mary,
Ike,
Tom,
Sam,
Fay,
dean,
cornwell,
arthur,
roche,
ethel,
napoli,
cl,
ziegfeld,
flo,
webers,
branwyn,
bruce,
fairchild,
mabel,
lal,
maggie,
smith,
amachoor,
fanny,
simon,
vi,
god,
gerund,
a,
xviii,
walbroughs,
martha,
xxiv,
tommy,
xxvii,
hinsdale,
nev,
jack,
sage,
