canonical_name,alias_name
Hon. Philip Iger,Iger
Hon. Philip Iger,Mr. Iger
Hon. Philip Iger,Philip Iger
Old Susan Crowe,Miss Crowe
Old Susan Crowe,Susan Crowe
Mr. Roberts Young,Young
Mr. Roberts Young,Mr. Young
Mr. Roberts Young,Roberts Young
Walken Davidson,Davidson
Rev. Dr. Gaye,Gaye
Dr. Reynolds,Reynolds
