canonical_name,alias_name
Gadot Pinckney Acker,
Gadot Pinckney Acker,Acker
Gadot Pinckney Acker,Pinckney Acker
Mrs. Acker,
Mr. Acker,
Wilson Budd Corbin,
Wilson Budd Corbin,Corbin
Wilson Budd Corbin,Mr. Corbin
Edgar Allan Bean,
Edgar Allan Bean,Bean
H. P. S.,
Mr. Nicholson Goodman,
Mr. Nicholson Goodman,Goodman
Mr. Nicholson Goodman,Mr. Goodman
Mr. Nicholson Goodman,Nicholson Goodman
Doctor Adele Sandler,
Doctor Adele Sandler,Adele Sandler
Campbell McKnight,
Campbell McKnight,McKnight
Campbell McKnight,Mcknight
Mr. Morgan Corbin,
Mr. Francis Hart,
Mr. Francis Hart,Hart
Mr. Francis Hart,Mr. Hart
Blanche Kauffman,
Blanche Kauffman,Kauffman
Blanche Kauffman,Mrs. Kauffman
Mckellen Ferrell,
Mckellen Ferrell,Ferrell
Samuel Forbeses,
Inquisitive Man,
Channing Miller,
Mr. D'arcy Elba,
Mr. D'arcy Elba,Elba
Mr. D'arcy Elba,Mr. Elba
Mr. D'arcy Elba,D'arcy Elba
Blythe Brolin,
Blythe Brolin,Brolin
Blythe Brolin,Mr. Brolin
Jett Knopfler,
Jett Knopfler,Knopfler
Jett Knopfler,MISS Knopfler
Jett Knopfler,Miss Knopfler
Jackman Criss,
D'arcy Devine,
Andrew Brolin,
Bening Tatum,
Bening Tatum,Tatum
Bening Tatum,Mr. Tatum
John Devine,
Zeta. Hawke,
Zeta. Hawke,Hawke
Henry Acker,
Bruce Acker,
O'neal Iger,
O'neal Iger,Iger
O'neal Iger,Mrs Iger
O'neal Iger,Mrs. Iger
Lee Goodman,
Bonham Rudd,
Elba nurse,
Very well,
Bad News,
New York,
Mrs. Sutherland,
Mrs. Sutherland,Sutherland
Mrs. Dreyfuss,
Mrs. Dreyfuss,Dreyfuss
Mrs. Portman,
Mrs. Portman,Portman
Doctor Lewis,
Mrs. Young,
Mrs. Young,Young
Washington,
Miss Ronan,
Mr. Bening,
Mr. Bening,Bening
Beckinsale,
Pittsburg,
Mcnknight,
Shyamalan,
Everybody,
Deschanel,
Barrymore,
MacLures,
Arquette,
Giamatti,
Gaboriau,
Watanabe,
Mr Astin,
Mr Astin,Astin
Lawrence,
Campbell,
Bohemian,
Benning,
Cresson,
Winfrey,
Parsons,
Saldana,
Ruffalo,
Roberts,
Elliott,
Ontario,
Dehaan,
Heaven,
Portma,
Porter,
Parker,
Blythe,
Streep,
Carrey,
Browne,
Oldman,
O'neal,
Jordan,
Boomer,
Ellis,
Koshy,
Irwin,
Blunt,
Perry,
Scott,
Zeta.,
Zeta.,Zeta
Gable,
Zhang,
Swift,
Patch,
Gimme,
Banks,
Tyson,
Gadot,
Dunst,
Bell,
Adam,
Cher,
Jett,
Ice,
Say,
Lee,
Ta,
mary,
rinehart,
wests,
sullivan,
lollie,
andy,
klopton,
richey,
euphemia,
george,
north,
south,
blakeley,
gilmore,
whistler,
gardner,
alison,
west,
bronson,
harrington,
gray,
simon,
godey,
poe,
conan,
doyle,
curtis,
williams,
jove,
rich,
candida,
van,
kirk,
johnson,
hotchkiss,
humerus,
flanders,
eliza,
robison,
shaw,
dallas,
stogie,
dal,
flier,
jonah,
rafferty,
carter,
br,
obadiah,
conway,
pullman,
arnold,
stuart,
peck,
mike,
alice,
jennie,
thomas,
blake,
joy,
dorothy,
martin,
blobs,
sammy,
forbes,
sam,
junior,
allie,
granger,
dolly,
janet,
jenkins,
harry,
polly,
cavalcanti,
springer,
fido,
sherlock,
satan,
fiddlededee,
ida,
heaton,
