canonical_name,alias_name
Madeleine de la Palot,
Madeleine de la Palot,Palot
Vesinet. de la Palot,
Vesinet. de la Palot,Vesinet de la Palot
Warth. de la Palot,
Warth. de la Palot,Warth de la Palot
Jules-Rene-Henri de Dobbin,
Jules-Rene-Henri de Dobbin,Dobbin
Jules-Rene-Henri de Dobbin,De Dobbin
Piedlent de Dobbin,
Bilboquet de Andre,
Bilboquet de Andre,ANDRE
Bilboquet de Andre,Andre
Bilboquet de Andre,De Andre
Louis de Clameran,
Strauss de Andre,
Emile de Dobbin,
Emile. de Andre,
Emile. de Andre,Emile de Andre
Rosalie-Clarisse Fontanet,
Clamerans Rosalieclarisse,
Vesinet. Raoulvalentin,
Vesinet. Raoulvalentin,Raoulvalentin
Vesinet. Raoulvalentin,Vesinet Raoulvalentin
Verdure Providence,
Verdure Providence,Providence
Emile. Providence,
Palmyre Cavaillon,
Palmyre Cavaillon,Cavaillon
Anselme Madeleine,
Anselme Madeleine,Madeleine
Bilboquet Anselme,
Ingrate Audibert,
Ingrate Audibert,Audibert
Mamma (Audibert),
Warth. Madeleine,
Vesinet. Caldas,
Vesinet. Caldas,Caldas
Vesinet. Caldas,VESINET CALDAS
Vesinet. Caldas,Vesinet Caldas
Emile Bilboquet,
Emile Bilboquet,Bilboquet
Emile Fougeroux,
Emile Fougeroux,Fougeroux
Mamma Fougeroux,
Abel Beaucaire,
Emile. Caldas.,
Emile. Caldas.,Emile Caldas
Emile. Caldas.,Emile. Caldas
Aunt Madeleine,
Emile. Taberet,
Emile. Taberet,Taberet
Emile. Taberet,Emile Taberet
Caroline GYPSY,
Palmyre Palot,
Caroline Xiii,
Caroline Xiii,Xiii
Emile Strauss,
Emile Strauss,STRAUSS
Emile Strauss,Strauss
Emile Verdure,
Emile Verdure,Verdure
Emile Parbleu,
Emile Parbleu,Parbleu
Aurora Caldas,
Emile. Wilson,
Emile. Wilson,Wilson
Emile. Wilson,Emile Wilson
Mamma Dobbin,
Prosper John,
Durand Mount,
Chance Louis,
Couturier La,
Aunt Caldas,
Warth James,
Warth James,James
Warth James,Mrs. James
Emile Munes,
Emile Munes,Munes
Warth. Hein,
Warth. Hein,Hein
P! Vesinet,
P! Vesinet,Vesinet
P! Vesinet,Vesinet.
Eve Oloron,
Eve Oloron,Oloron
Emile Nina,
Emile Nina,Nina
Warth. P,
Warth. P,Warth P
Jules De,
P Caldas,
Hein La,
P. B.,
Father Sigault,
Julesrenehenri,
Mrs. Verberie,
Mrs. Verberie,Verberie
Dr. Monsieur,
Dr. Monsieur,Monsieur
Mademoiselle,
Opportunity,
Chocareille,
Lafourcade,
Antoinette,
Dr. Joseph,
Dr. Joseph,Joseph
Valentine,
Patrigent,
Janouille,
Jarnibleu,
Jandidier,
Evariste,
Jacobson,
Gaboriau,
Imbecile,
Korasoff,
Dr. Mary,
Caroline,
Squirrel,
Aubusson,
Perrette,
Piedlent,
Toinette,
Tarascon,
Bickers,
Bertomy,
Ingrate,
Jacques,
Antonin,
Auguste,
Mihonne,
Warth.,
Warth.,Warth
Gaston,
Manuel,
Dombas,
Boirot,
Dubois,
Menoul,
Klopen,
Fauvel,
Aurora,
Lucien,
Adonis,
Paris,
Mamma,
Judas,
Lyons,
Li-Fo,
Emile,
Lecoq,
Cabby,
Raget,
Ivry,
Aunt,
Jean,
Job,
m,
becquet,
fanferlot,
mme,
alexandre,
lagors,
mlle,
god,
crescenzi,
van,
poche,
raoul,
sapristi,
verduret,
didot,
medicis,
remy,
confucius,
adam,
lazet,
st,
pilorel,
pere,
valentinraoul,
sedley,
moirot,
jones,
c,
jove,
fanfer,
bergami,
w,
murray,
spencer,
