canonical_name,alias_name
Mr. Pietro Lestrade,Lestrade
Mr. Pietro Lestrade,Mr. Lestrade
Mr. Pietro Lestrade,Pietro Lestrade
Mr. Sandeford Jove,Sandeford Jove
Mr. Josiah Horace,Horace
Mr. Josiah Horace,Mr. Horace
Mr. Josiah Horace,Josiah Horace
Mr. Holmes Hill,Holmes Hill
George Harding,Harding
Mr. Napoleon,Napoleon
Dr. Saffron,Saffron
Mr. Devine,Mr Devine
