canonical_name,alias_name
Mr. Windibank Etherege,
Mr. Windibank Etherege,Etherege
Mr. Windibank Etherege,Mr. Etherege
Mr. Windibank Etherege,Windibank Etherege
Miss Horace Holmes,
Miss Horace Holmes,Holmes
Miss Horace Holmes,Miss Holmes
Mr. James Jove,
Mr. James Jove,Jove
Mr. James Jove,Mr. Jove
Mr. James Jove,James Jove
Mary Hosmer,
Mary Hosmer,Hosmer
Mary Hosmer,Mr. Hosmer
Sutherland,
Mrs. James,
Windibank,
Dr. Hardy,
Dr. Hardy,Hardy
Sherlock,
Watson,
Balzac,
Angel,
Ned,
dundas,
hafiz,
