canonical_name,alias_name
Valentine de la Verberie,
Mlle. de la Verberie,
Mlle. de la Verberie,Mlle de la Verberie
Mme. de la Verberie,
Mme. de la Verberie,Mme de la Verberie
Mme. de la Verberie,Mme. de La Verberie
M. Raoul de Lagors,
M. Raoul de Lagors,Lagors
M. Raoul de Lagors,De Lagors
M. Raoul de Lagors,M. Lagors
M. Raoul de Lagors,Mme. Lagors
M. Raoul de Lagors,Mamma Lagors
M. Raoul de Lagors,M. de Lagors
M. Raoul de Lagors,Raoul de Lagors
Monsieur Prosper Bertomy,
Monsieur Prosper Bertomy,Bertomy
Monsieur Prosper Bertomy,M. Bertomy
Monsieur Prosper Bertomy,Prosper Bertomy
Monsieur Prosper Bertomy,M. Prosper Bertomy
Auguste Prosper Bertomy,
Mlle. Madeleine Fauvel,
Mlle. Madeleine Fauvel,Fauvel
Mlle. Madeleine Fauvel,M. Fauvel
Fanferlot the Squirrel,
Fanferlot the Squirrel,Squirrel
Gaston de Clameran,
Gaston de Clameran,Clameran
Gaston de Clameran,De Clameran
Gaston de Clameran,Gaston Clameran
Louis de Clameran,
Mme. Nina Gypsy,
Mme. Nina Gypsy,Gypsy
Mme. Nina Gypsy,Mme. Gypsy
Mme. Nina Gypsy,NINA GYPSY
Mme. Nina Gypsy,Nina Gypsy
M. Andre Fauvel,
M. Andre Fauvel,Mme. Fauvel
M. Andre Fauvel,Andre Fauvel
M. Andre Fauvel,Monsieur Fauvel
M. de Clameran,
M. de Clameran,M. Clameran
Raoul-Valentin Wilson,
Raoul-Valentin Wilson,Mrs. Wilson
Valentin-Raoul Wilson,
Palmyre Chocareille,
Monsieur Patrigent,
Monsieur Patrigent,Patrigent
Monsieur Patrigent,M. Patrigent
Caroline Piedlent,
James Chocareille,
Monsieur Verduret,
Monsieur Verduret,Verduret
Monsieur Verduret,M. Verduret
Mlle. Madeleine,
Mlle. Madeleine,Madeleine
Mlle. Valentine,
Mlle. Valentine,Valentine
Emile Gaboriau,
Mme. Alexandre,
Aunt Valentine,
Jacques Durand,
James Spencer,
James Spencer,Spencer
Joseph Dubois,
Joseph Dubois,Dubois
Mlle. Palmyre,
Mlle. Palmyre,Palmyre
Antonin Poche,
John Bickers,
M. Cavaillon,
M. Cavaillon,Cavaillon
M. Fanferlot,
M. Fanferlot,Fanferlot
M. Squirrel,
Jules Lazet,
Jules Lazet,Lazet
M. Jacobson,
Pere Menoul,
Pere Menoul,MenoUl
Pere Menoul,Menoul
Louis XIII.,
La Verdure,
Van Klopen,
M. Gaston,
M. Gaston,Gaston
Mme. Nina,
Mme. Nina,Nina
Mme. Nina,Mme Nina
M. Lucien,
M. Lucien,Lucien
St. Remy,
M. Lecoq,
M. Lecoq,Lecoq
M. Raoul,
M. Raoul,RAOUL
M. Raoul,Raoul
M. Louis,
M. Louis,Louis
St. Jean,
St. Jean,Jean
M. Palot,
M. Palot,Palot
P. B.,
Valentin-Raoul,
Father Taberet,
Mrs. Dobbin,
Lafourcade,
Antoinette,
Dr. Raget,
Jandidier,
Jarnibleu,
Couturier,
Bilboquet,
Fougeroux,
Beaucaire,
Janouille,
Audibert,
Evariste,
Toinette,
Perrette,
Monsieur,
Pilorel,
Antonin,
Sigault,
Anselme,
Mihonne,
Vesinet,
Strauss,
Prosper,
Joseph,
Moirot,
Fanfer,
Manuel,
Caldas,
Dombas,
Boirot,
Aurora,
Li-Fo,
Andre,
Mlle.,
Abel,
Hein,
Mary,
Job,
becquet,
aubusson,
god,
crescenzi,
munes,
cabby,
imbecile,
sapristi,
adonis,
didot,
medicis,
julesrenehenri,
rosalieclarisse,
fontanet,
mount,
korasoff,
confucius,
adam,
eve,
chance,
clamerans,
tarascon,
opportunity,
sedley,
warth,
jones,
providence,
paris,
oloron,
ingrate,
c,
jove,
parbleu,
judas,
mademoiselle,
lyons,
bergami,
w,
murray,
ivry,
