canonical_name,alias_name
Mr. Barrymore Scott,Scott
Mr. Barrymore Scott,Mr. Scott
Mr. Barrymore Scott,Barrymore Scott
Mortimer Redford,Redford
Mortimer Redford,Mrs. Redford
Black Meryl,Meryl
Dr. O'brien,O'brien
