canonical_name,alias_name
Alexander Hamilton Naman,Naman
Alexander Hamilton Naman,Mr. Naman
Mr. Vinita Naman,Vinita Naman
Mr. Sahil Naman,Sahil Naman
Pavan Parth,Parth
Sunny Amol,Amol
Mrs. Shailesh,Shailesh
Dr. Prerna,Prerna
Mrs. Tabu,Tabu
Mr. Zoya,Zoya
