canonical_name,alias_name
Big Pushkar Parth,Parth
Big Pushkar Parth,Mr. Parth
Big Pushkar Parth,Pushkar Parth
Sherlock Shalu,Shalu
Sherlock Shalu,Mr. Shalu
Masters Guneet,Guneet
Mrs. Darshan,Darshan
Mrs. Darshan,Mrs Darshan
Dr. Javed,Javed
